{
  "auc_roc": 0.9187500000000002,
  "auc_pr": 0.9595369397759104,
  "f1_score": 0.875,
  "precision": 0.875,
  "recall": 0.875,
  "accuracy": 0.8461538461538461,
  "tp": 14,
  "tn": 8,
  "fp": 2,
  "fn": 2,
  "predict_time": 0.011996030807495117,
  "eval_samples": 26,
  "positive_count": 16,
  "negative_count": 10,
  "total_count": 26,
  "threshold": 0.35250920820859144,
  "train_time": 0.08655905723571777,
  "train_samples": 26,
  "threshold_source": "train_f1_max",
  "train_optimal_threshold": 0.35250920820859144,
  "train_optimal_f1": 0.9090909090904095,
  "train_optimal_precision": 0.8823529411764706,
  "train_optimal_recall": 0.9375
}