{
  "AUC_ROC": 0.9531713342830367,
  "AUC_PR": 0.967277376842579,
  "Precision": 0.9167105956773853,
  "Recall": 0.9816539655659046,
  "F1": 0.9480714188360365,
  "threshold": 0.29,
  "train_size": 9550,
  "eval_size": 5577
}