{
  "AUC_ROC": 0.9483834373227453,
  "AUC_PR": 0.959273524036369,
  "Precision": 0.9009009009009009,
  "Recall": 0.8869179600886918,
  "F1": 0.8938547486033519,
  "threshold": 0.515,
  "train_size": 1027,
  "eval_size": 752
}