{
  "threshold": 0.2574162781238556,
  "precision": 0.5714285714285714,
  "recall": 0.992,
  "f1": 0.7251461987840275,
  "metric": "f1"
}