{
  "threshold": 0.04745839163661003,
  "precision": 0.8852459016393442,
  "recall": 1.0,
  "f1": 0.9391304347327939,
  "metric": "f1"
}