{
  "auc_roc": 0.7402402402402403,
  "auc_pr": 0.6163662459312442,
  "optimal_threshold": 0.35332921147346497,
  "threshold_source": "train_data",
  "precision": 0.45,
  "recall": 1.0,
  "f1_score": 0.6206896551724138,
  "positive_count": 18,
  "negative_count": 37,
  "total_count": 55,
  "eval_optimal_threshold": 0.35332921147346497,
  "eval_optimal_f1": 0.6206896551296076,
  "prediction_stats": {
    "min": 0.3209039270877838,
    "max": 0.5275587439537048,
    "mean": 0.3815708631818945,
    "std": 0.04358211105964687,
    "median": 0.37768542766571045
  }
}