feature,importance
avg_response_time,0.26605160392861216
total_reviews,0.25452445075004815
recent_activity_frequency,0.16206448116587355
experience_days,0.09280014405527966
avg_activity_gap,0.06595010205914942
recent_acceptance_rate,0.04201483054902401
avg_action_intensity,0.04118834916548515
review_load,0.03705894912005722
avg_review_size,0.03516371391514125
activity_trend,0.0031833752913293955
total_changes,0.0
collaboration_score,0.0
code_quality_score,0.0
avg_collaboration,0.0
