{
  "threshold": 0.09727933257818222,
  "precision": 0.812987012987013,
  "recall": 1.0,
  "f1": 0.8968481374863487,
  "metric": "f1"
}