{
  "threshold": 0.32597845792770386,
  "precision": 0.5642458100558659,
  "recall": 0.7829457364341085,
  "f1": 0.6558441557954735,
  "metric": "f1"
}