{
  "auc_roc": 0.6988558036945134,
  "auc_pr": 0.9142707856684644,
  "optimal_threshold": 0.32151496410369873,
  "threshold_source": "train_data",
  "precision": 0.859375,
  "recall": 0.8870967741935484,
  "f1_score": 0.873015873015873,
  "positive_count": 186,
  "negative_count": 39,
  "total_count": 225
}