{
  "threshold": 0.22360171377658844,
  "precision": 0.7183098591549296,
  "recall": 1.0,
  "f1": 0.8360655737218357,
  "metric": "f1"
}