{
  "threshold": 0.1476070135831833,
  "precision": 0.7488372093023256,
  "recall": 1.0,
  "f1": 0.8563829786744355,
  "metric": "f1"
}