{
  "threshold": 0.13481663167476654,
  "precision": 0.8529411764705882,
  "recall": 1.0,
  "f1": 0.9206349205852355,
  "metric": "f1"
}