{
  "f1": 0.42857142857142855,
  "auc_roc": 0.5816666666666666,
  "auc_pr": 0.3349729056446519,
  "precision": 0.2727272727272727,
  "recall": 1.0,
  "accuracy": 0.2727272727272727,
  "tp": 15,
  "tn": 0,
  "fp": 40,
  "fn": 0,
  "train_time": 0.08136510848999023,
  "predict_time": 0.027283191680908203,
  "train_samples": 41,
  "eval_samples": 55,
  "train_window": "3-6m",
  "eval_window": "9-12m",
  "pattern": "3-6m \u2192 9-12m"
}