{
  "AUC_ROC": 0.9634879084910183,
  "AUC_PR": 0.9757566676390904,
  "Precision": 0.9112903225806451,
  "Recall": 0.9887101326559413,
  "F1": 0.9484229051035603,
  "threshold": 0.375,
  "train_size": 7449,
  "eval_size": 5577
}