{
  "AUC_ROC": 0.9871553401055979,
  "AUC_PR": 0.9838707894592686,
  "Precision": 0.9344262295081968,
  "Recall": 0.9785407725321889,
  "F1": 0.9559748427672956,
  "threshold": 0.5650000000000001,
  "train_size": 761,
  "eval_size": 511
}