{
  "AUC_ROC": 0.9692324185248713,
  "AUC_PR": 0.9377907774590761,
  "Precision": 0.828125,
  "Recall": 1.0,
  "F1": 0.905982905982906,
  "threshold": 0.48,
  "train_size": 1216,
  "eval_size": 335
}