{
  "threshold": 0.2672511637210846,
  "precision": 0.7168674698795181,
  "recall": 1.0,
  "f1": 0.8350877192496055,
  "metric": "f1"
}