{
  "f1": 0.6542056074766355,
  "auc_roc": 0.8573297342192692,
  "auc_pr": 0.7957591342693872,
  "precision": 0.5223880597014925,
  "recall": 0.875,
  "accuracy": 0.6789587852494577,
  "tp": 140,
  "tn": 173,
  "fp": 128,
  "fn": 20,
  "train_time": 0.10442090034484863,
  "predict_time": 0.027316808700561523,
  "train_samples": 588,
  "eval_samples": 461,
  "train_window": "3-6m",
  "eval_window": "3-6m",
  "pattern": "3-6m \u2192 3-6m"
}