{
  "threshold": 0.33624300360679626,
  "precision": 0.5597826086956522,
  "recall": 0.8046875,
  "f1": 0.6602564102080211,
  "metric": "f1"
}