{
  "auc_roc": 0.6209677419354839,
  "auc_pr": 0.8786262472909716,
  "optimal_threshold": 0.13481663167476654,
  "threshold_source": "train_data",
  "precision": 0.7948717948717948,
  "recall": 1.0,
  "f1_score": 0.8857142857142857,
  "positive_count": 31,
  "negative_count": 8,
  "total_count": 39
}