{
  "threshold": 0.0075392271392047405,
  "precision": 0.9557522123893806,
  "recall": 1.0,
  "f1": 0.9773755655608852,
  "metric": "f1"
}