{
  "f1": 0.4785992217898833,
  "auc_roc": 0.5996016394952565,
  "auc_pr": 0.3958196440726807,
  "precision": 0.3219895287958115,
  "recall": 0.9318181818181818,
  "accuracy": 0.41865509761388287,
  "tp": 123,
  "tn": 70,
  "fp": 259,
  "fn": 9,
  "train_time": 0.09818911552429199,
  "predict_time": 0.04056191444396973,
  "train_samples": 498,
  "eval_samples": 461,
  "train_window": "3-6m",
  "eval_window": "9-12m",
  "pattern": "3-6m \u2192 9-12m"
}