{
  "f1": 0.3855421686746988,
  "auc_roc": 0.8044662309368191,
  "auc_pr": 0.544606305411932,
  "precision": 0.24242424242424243,
  "recall": 0.9411764705882353,
  "accuracy": 0.28169014084507044,
  "tp": 16,
  "tn": 4,
  "fp": 50,
  "fn": 1,
  "train_time": 0.08174610137939453,
  "predict_time": 0.02588176727294922,
  "train_samples": 46,
  "eval_samples": 71,
  "train_window": "6-9m",
  "eval_window": "9-12m",
  "pattern": "6-9m \u2192 9-12m"
}