{
  "PRECISION": {
    "mean": 0.8347575058339434,
    "std": 0.08896799497294332,
    "min": 0.7419354838709677,
    "max": 0.967741935483871,
    "median": 0.7944819819819819,
    "diagonal_mean": 0.8517092582309974,
    "diagonal_std": 0.07830953666132148
  },
  "f1_score": {
    "mean": 0.9074164554998223,
    "std": 0.05200833664636955,
    "min": 0.8518518518518519,
    "max": 0.9836065573770492,
    "median": 0.8854694876726701,
    "diagonal_mean": 0.9179873753127624,
    "diagonal_std": 0.0456376643784348
  },
  "AUC_ROC": {
    "mean": 0.5705550517141449,
    "std": 0.1215694990444935,
    "min": 0.2416666666666667,
    "max": 0.7209039548022599,
    "median": 0.5967141897081413,
    "diagonal_mean": 0.6353035664957325,
    "diagonal_std": 0.050568783471822296
  },
  "RECALL": {
    "mean": 1.0,
    "std": 0.0,
    "min": 1.0,
    "max": 1.0,
    "median": 1.0,
    "diagonal_mean": 1.0,
    "diagonal_std": 0.0
  },
  "AUC_PR": {
    "mean": 0.8744951752997748,
    "std": 0.0782064630039165,
    "min": 0.7672549596259042,
    "max": 0.9717874157138016,
    "median": 0.9018876225147359,
    "diagonal_mean": 0.9006699256640975,
    "diagonal_std": 0.06971493324629872
  }
}