{
  "auc_roc": 0.6243686868686869,
  "auc_pr": 0.8382468545597737,
  "optimal_threshold": 0.21812064945697784,
  "threshold_source": "train_data",
  "precision": 0.7857142857142857,
  "recall": 1.0,
  "f1_score": 0.88,
  "positive_count": 132,
  "negative_count": 36,
  "total_count": 168
}