{
  "threshold": 0.43842989206314087,
  "precision": 0.5161290322580645,
  "recall": 1.0,
  "f1": 0.68085106378488,
  "metric": "f1",
  "positive_rate": 0.41025641025641024,
  "method": "f1_maximization_on_train_data",
  "train_prediction_stats": {
    "min": 0.411772757768631,
    "max": 0.5461082458496094,
    "mean": 0.4585171815676567,
    "std": 0.027375109624408648,
    "median": 0.4579260051250458
  }
}