{
  "f1": 0.64,
  "auc_roc": 0.7703125000000001,
  "auc_pr": 0.5883902860130923,
  "precision": 0.5333333333333333,
  "recall": 0.8,
  "accuracy": 0.7352941176470589,
  "tp": 16,
  "tn": 34,
  "fp": 14,
  "fn": 4,
  "train_time": 0.0816507339477539,
  "predict_time": 0.025477170944213867,
  "train_samples": 58,
  "eval_samples": 68,
  "train_window": "9-12m",
  "eval_window": "9-12m",
  "pattern": "9-12m \u2192 9-12m"
}