{
  "threshold": 0.15146684646606445,
  "precision": 0.9545454545454546,
  "recall": 1.0,
  "f1": 0.9767441859965387,
  "metric": "f1"
}