{
  "AUC_ROC": 0.9507262154673151,
  "AUC_PR": 0.9730938423810687,
  "Precision": 0.9227161045342863,
  "Recall": 0.9878048780487805,
  "F1": 0.954151749624668,
  "threshold": 0.29,
  "train_size": 9550,
  "eval_size": 6056
}