{
  "auc_roc": 0.807057057057057,
  "auc_pr": 0.7142392657038044,
  "f1_score": 0.5483870967741935,
  "precision": 0.38636363636363635,
  "recall": 0.9444444444444444,
  "accuracy": 0.4909090909090909,
  "tp": 17,
  "tn": 10,
  "fp": 27,
  "fn": 1,
  "predict_time": 0.012209892272949219,
  "eval_samples": 55,
  "positive_count": 18,
  "negative_count": 37,
  "total_count": 55,
  "threshold": 0.35250920820859144
}