{
  "AUC_ROC": 0.9623356203544883,
  "AUC_PR": 0.9565815414934529,
  "Precision": 0.9202453987730062,
  "Recall": 0.9433962264150944,
  "F1": 0.9316770186335404,
  "threshold": 0.5650000000000001,
  "train_size": 761,
  "eval_size": 335
}