{
  "threshold": 0.4706302583217621,
  "precision": 0.9615384615384616,
  "recall": 1.0,
  "f1": 0.9803921568127643
}