{
  "AUC_ROC": 0.9447615802847693,
  "AUC_PR": 0.962800704706408,
  "Precision": 0.9066572736879183,
  "Recall": 0.9865848984285167,
  "F1": 0.9449339207048458,
  "threshold": 0.29,
  "train_size": 9550,
  "eval_size": 3959
}