{
  "auc_roc": 0.8673740053050398,
  "auc_pr": 0.7680918993023065,
  "optimal_threshold": 0.42867693305015564,
  "threshold_source": "train_data",
  "precision": 0.7692307692307693,
  "recall": 0.7692307692307693,
  "f1_score": 0.7692307692307693,
  "positive_count": 13,
  "negative_count": 29,
  "total_count": 42,
  "eval_optimal_threshold": 0.42867693305015564,
  "eval_optimal_f1": 0.7692307691807693,
  "prediction_stats": {
    "min": 0.39611297845840454,
    "max": 0.5066230297088623,
    "mean": 0.4253537158171336,
    "std": 0.023234217344317593,
    "median": 0.4211023449897766
  }
}