{
  "threshold": 0.42867693305015564,
  "precision": 0.7692307692307693,
  "recall": 0.7692307692307693,
  "f1": 0.7692307691807693,
  "metric": "f1",
  "positive_rate": 0.30952380952380953,
  "method": "f1_maximization_on_train_data",
  "train_prediction_stats": {
    "min": 0.39611297845840454,
    "max": 0.5066230297088623,
    "mean": 0.4253537158171336,
    "std": 0.023234217344317593,
    "median": 0.4211023449897766
  }
}