{
  "AUC_ROC": 0.9263680623174294,
  "AUC_PR": 0.8619993666417869,
  "Precision": 0.8650306748466258,
  "Recall": 0.8676923076923077,
  "F1": 0.8663594470046083,
  "threshold": 0.515,
  "train_size": 1027,
  "eval_size": 641
}