{
  "auc_roc": 0.7228327228327229,
  "auc_pr": 0.5725271222729658,
  "f1_score": 0.6296296296296297,
  "precision": 0.5151515151515151,
  "recall": 0.8095238095238095,
  "accuracy": 0.6666666666666666,
  "tp": 17,
  "tn": 23,
  "fp": 16,
  "fn": 4,
  "predict_time": 0.012241840362548828,
  "eval_samples": 60,
  "positive_count": 21,
  "negative_count": 39,
  "total_count": 60,
  "threshold": 0.511903174097233
}