{
  "auc_roc": 0.9283819628647215,
  "auc_pr": 0.840352191667981,
  "f1_score": 0.5416666666666666,
  "precision": 0.37142857142857144,
  "recall": 1.0,
  "accuracy": 0.47619047619047616,
  "tp": 13,
  "tn": 7,
  "fp": 22,
  "fn": 0,
  "predict_time": 0.012386083602905273,
  "eval_samples": 42,
  "positive_count": 13,
  "negative_count": 29,
  "total_count": 42,
  "threshold": 0.35250920820859144
}