{
  "auc_roc": 0.725760135135135,
  "auc_pr": 0.9124337403462814,
  "optimal_threshold": 0.2663813531398773,
  "threshold_source": "train_data",
  "precision": 0.8121827411167513,
  "recall": 1.0,
  "f1_score": 0.896358543417367,
  "positive_count": 160,
  "negative_count": 37,
  "total_count": 197
}