{
  "auc_roc": 0.8992042440318302,
  "auc_pr": 0.7189740814740815,
  "f1_score": 0.7222222222222222,
  "precision": 0.5652173913043478,
  "recall": 1.0,
  "accuracy": 0.7619047619047619,
  "tp": 13,
  "tn": 19,
  "fp": 10,
  "fn": 0,
  "predict_time": 0.011459827423095703,
  "eval_samples": 42,
  "positive_count": 13,
  "negative_count": 29,
  "total_count": 42,
  "threshold": 0.511903174097233
}