{
  "AUC_ROC": 0.9748362811323674,
  "AUC_PR": 0.9773773335072276,
  "Precision": 0.9377682403433476,
  "Recall": 0.9689578713968958,
  "F1": 0.9531079607415486,
  "threshold": 0.5650000000000001,
  "train_size": 761,
  "eval_size": 752
}