{
  "f1": 0.5245901639344263,
  "auc_roc": 0.7267801857585139,
  "auc_pr": 0.574993467108611,
  "precision": 0.36363636363636365,
  "recall": 0.9411764705882353,
  "accuracy": 0.4727272727272727,
  "tp": 16,
  "tn": 10,
  "fp": 28,
  "fn": 1,
  "train_time": 0.08712911605834961,
  "predict_time": 0.026210784912109375,
  "train_samples": 58,
  "eval_samples": 55,
  "train_window": "3-6m",
  "eval_window": "3-6m",
  "pattern": "3-6m \u2192 3-6m"
}