{
  "f1": 0.59765625,
  "auc_roc": 0.7796273546273547,
  "auc_pr": 0.6974097172440072,
  "precision": 0.4409221902017291,
  "recall": 0.9272727272727272,
  "accuracy": 0.5531453362255966,
  "tp": 153,
  "tn": 102,
  "fp": 194,
  "fn": 12,
  "train_time": 0.10603523254394531,
  "predict_time": 0.02668476104736328,
  "train_samples": 528,
  "eval_samples": 461,
  "train_window": "3-6m",
  "eval_window": "6-9m",
  "pattern": "3-6m \u2192 6-9m"
}