{
  "AUC_ROC": 0.9538428264120395,
  "AUC_PR": 0.9673520940899799,
  "Precision": 0.8994082840236687,
  "Recall": 0.9846573474258439,
  "F1": 0.9401041666666666,
  "threshold": 0.375,
  "train_size": 7449,
  "eval_size": 4656
}