{
  "f1": 0.47368421052631576,
  "auc_roc": 0.5177478580171359,
  "auc_pr": 0.4689286194905997,
  "precision": 0.3157894736842105,
  "recall": 0.9473684210526315,
  "accuracy": 0.3548387096774194,
  "tp": 18,
  "tn": 4,
  "fp": 39,
  "fn": 1,
  "train_time": 0.08538317680358887,
  "predict_time": 0.027319669723510742,
  "train_samples": 57,
  "eval_samples": 62,
  "train_window": "0-3m",
  "eval_window": "0-3m",
  "pattern": "0-3m \u2192 0-3m"
}