{
  "auc_roc": 0.7326858108108107,
  "auc_pr": 0.9152477170334535,
  "optimal_threshold": 0.28601959347724915,
  "threshold_source": "train_data",
  "precision": 0.8238341968911918,
  "recall": 0.99375,
  "f1_score": 0.9008498583569405,
  "positive_count": 160,
  "negative_count": 37,
  "total_count": 197
}