{
  "AUC_ROC": 0.9622359212586614,
  "AUC_PR": 0.9739528808352553,
  "Precision": 0.8980222496909765,
  "Recall": 0.9907944084555063,
  "F1": 0.9421300048630248,
  "threshold": 0.35000000000000003,
  "train_size": 6449,
  "eval_size": 4656
}