pattern,経験日数,総コミット数,総レビュー数,最近の活動頻度,平均活動間隔,活動トレンド,協力スコア,コード品質スコア,最近の受諾率,レビュー負荷,応答速度,協力度,強度（ファイル数）,レビュー規模（行数）
0-3m → 0-3m,0.0519587684386734,0.1103884440259421,0.08320519128491945,0.06213177648925097,0.07172279819057362,0.0028528147370059146,0.02000572402699877,0.15254903309808074,0.1325340386381626,0.0887094183371857,0.07825840026432763,0.04409007400698473,0.06700325015505208,0.03459026830684244
3-6m → 3-6m,0.028509463861798895,0.13395077328899382,0.1075257928005859,0.07254005515389647,0.05764747256369827,0.001726478826824847,0.11423411428281476,0.08534585515482424,0.057307682634670655,0.06725807695922255,0.0505197564702756,0.09707735058380998,0.06509105126869176,0.06126607614989219
6-9m → 6-9m,0.0381786630229195,0.09208225995576506,0.0632171532057945,0.07653878990213954,0.06326271128857333,0.0027727029914529915,0.06887516391313069,0.12807228485290892,0.11683668355858916,0.07310513820609492,0.06371132459966772,0.10115053133059654,0.04918305620531379,0.06301353696705345
9-12m → 9-12m,0.0830691944306837,0.08972041933296486,0.0942903561782098,0.06099898884533617,0.042816598602385854,0.00012331016936280084,0.10333722390041067,0.05596015692036405,0.03908803213544549,0.08412106362789078,0.06263069688202474,0.1274814804727991,0.05745239128803106,0.09891008721409102
