{
  "threshold": 0.19992601871490479,
  "precision": 0.7510638297872341,
  "recall": 1.0,
  "f1": 0.857837180995968,
  "metric": "f1"
}