{
  "auc_roc": 0.6608309990662932,
  "auc_pr": 0.864943497507392,
  "optimal_threshold": 0.2658441960811615,
  "threshold_source": "train_data",
  "precision": 0.7875,
  "recall": 1.0,
  "f1_score": 0.8811188811188811,
  "positive_count": 126,
  "negative_count": 34,
  "total_count": 160
}