{
  "model": "Random Forest (Correct)",
  "f1": 0.8945686900958466,
  "auc_roc": 0.7031986531986533,
  "auc_pr": 0.9525836867415212,
  "precision": 0.9459459459459459,
  "recall": 0.8484848484848485,
  "accuracy": 0.819672131147541,
  "tp": 140,
  "tn": 10,
  "fp": 8,
  "fn": 25,
  "train_time": 0.09673595428466797,
  "predict_time": 0.027081966400146484,
  "train_samples": 472,
  "eval_samples": 183
}