{
  "AUC_ROC": 0.9553594448659678,
  "AUC_PR": 0.9601800921003465,
  "Precision": 0.8900414937759336,
  "Recall": 0.9512195121951219,
  "F1": 0.9196141479099679,
  "threshold": 0.48,
  "train_size": 1216,
  "eval_size": 752
}