{
  "auc_roc": 0.6938997821350763,
  "auc_pr": 0.9383742904701764,
  "optimal_threshold": 0.14657199382781982,
  "threshold_source": "train_data",
  "precision": 0.864,
  "recall": 1.0,
  "f1_score": 0.927038626609442,
  "positive_count": 108,
  "negative_count": 17,
  "total_count": 125
}