{
  "auc_roc": 0.664327485380117,
  "auc_pr": 0.8932215174069988,
  "optimal_threshold": 0.4926779568195343,
  "threshold_source": "train_data",
  "precision": 0.7916666666666666,
  "recall": 1.0,
  "f1_score": 0.8837209302325582,
  "positive_count": 57,
  "negative_count": 15,
  "total_count": 72
}