{
  "state_importance": {
    "経験日数": -0.000494251842610538,
    "総レビュー依頼数": 0.007123448885977268,
    "総レビュー数": 0.01023827027529478,
    "最近の活動頻度": 0.0019444568315520883,
    "平均活動間隔": -0.006731395144015551,
    "月次活動変化率": -0.005052424035966396,
    "協力スコア": 0.005983549170196056,
    "総承諾率": -0.006670588627457619,
    "最近の受諾率": -0.0006912879180163145,
    "レビュー負荷": -0.002183755161240697
  },
  "action_importance": {
    "レビューファイル数": 0.012611446902155876,
    "協力度": 0.013106901198625565,
    "応答速度": 0.004843170754611492,
    "レビュー規模（行数）": -0.006485287100076675
  },
  "method": "gradient_based"
}