{
  "periods": [
    {
      "period": "0-3m",
      "total_samples": 57,
      "agreement_rate": 0.7543859649122807,
      "both_correct": 32,
      "both_wrong": 11,
      "irl_only_correct": 8,
      "rf_only_correct": 6,
      "both_correct_pct": 56.14035087719298,
      "both_wrong_pct": 19.298245614035086,
      "irl_only_correct_pct": 14.035087719298245,
      "rf_only_correct_pct": 10.526315789473683,
      "irl_f1": 0.6046511627906976,
      "irl_recall": 0.65,
      "irl_precision": 0.5652173913043478,
      "irl_auc": 0.7148648648648648,
      "rf_f1": 0.5777777777777777,
      "rf_recall": 0.65,
      "rf_precision": 0.52,
      "rf_auc": 0.706081081081081
    },
    {
      "period": "3-6m",
      "total_samples": 52,
      "agreement_rate": 0.7692307692307693,
      "both_correct": 35,
      "both_wrong": 5,
      "irl_only_correct": 6,
      "rf_only_correct": 6,
      "both_correct_pct": 67.3076923076923,
      "both_wrong_pct": 9.615384615384617,
      "irl_only_correct_pct": 11.538461538461538,
      "rf_only_correct_pct": 11.538461538461538,
      "irl_f1": 0.6451612903225806,
      "irl_recall": 0.5555555555555556,
      "irl_precision": 0.7692307692307693,
      "irl_auc": 0.8088235294117647,
      "rf_f1": 0.6451612903225806,
      "rf_recall": 0.5555555555555556,
      "rf_precision": 0.7692307692307693,
      "rf_auc": 0.7973856209150326
    },
    {
      "period": "6-9m",
      "total_samples": 39,
      "agreement_rate": 0.7435897435897436,
      "both_correct": 26,
      "both_wrong": 3,
      "irl_only_correct": 1,
      "rf_only_correct": 9,
      "both_correct_pct": 66.66666666666666,
      "both_wrong_pct": 7.6923076923076925,
      "irl_only_correct_pct": 2.564102564102564,
      "rf_only_correct_pct": 23.076923076923077,
      "irl_f1": 0.6,
      "irl_recall": 0.6923076923076923,
      "irl_precision": 0.5294117647058824,
      "irl_auc": 0.7781065088757396,
      "rf_f1": 0.8461538461538461,
      "rf_recall": 0.8461538461538461,
      "rf_precision": 0.8461538461538461,
      "rf_auc": 0.9615384615384616
    },
    {
      "period": "9-12m",
      "total_samples": 35,
      "agreement_rate": 0.5428571428571428,
      "both_correct": 17,
      "both_wrong": 2,
      "irl_only_correct": 7,
      "rf_only_correct": 9,
      "both_correct_pct": 48.57142857142857,
      "both_wrong_pct": 5.714285714285714,
      "irl_only_correct_pct": 20.0,
      "rf_only_correct_pct": 25.71428571428571,
      "irl_f1": 0.7441860465116279,
      "irl_recall": 1.0,
      "irl_precision": 0.5925925925925926,
      "irl_auc": 0.6776315789473685,
      "rf_f1": 0.7096774193548387,
      "rf_recall": 0.6875,
      "rf_precision": 0.7333333333333333,
      "rf_auc": 0.8667763157894737
    }
  ],
  "summary": {
    "avg_irl_f1": 0.6484996249062266,
    "avg_rf_f1": 0.6946925834022608,
    "avg_irl_auc": 0.7448566205249344,
    "avg_rf_auc": 0.8329453698310123,
    "avg_agreement": 0.7025159051474841,
    "total_samples": 183,
    "total_irl_only_correct": 22,
    "total_rf_only_correct": 30,
    "total_both_correct": 110,
    "total_both_wrong": 21
  }
}