prediction_type,count,percentage
TP,137,74.86338797814209
FN,28,15.300546448087433
FP,10,5.46448087431694
TN,8,4.371584699453552
