{
  "threshold": 0.18149591982364655,
  "precision": 0.8919667590027701,
  "recall": 1.0,
  "f1": 0.9428989750599728,
  "metric": "f1"
}