{
  "AUC_ROC": 0.9550963447044227,
  "AUC_PR": 0.9756225464093029,
  "Precision": 0.912794538647875,
  "Recall": 0.9911525585844094,
  "F1": 0.9503611142955405,
  "threshold": 0.365,
  "train_size": 7208,
  "eval_size": 6056
}