{
  "auc_roc": 0.6745725779416695,
  "auc_pr": 0.8950970384640823,
  "optimal_threshold": 0.3154716193675995,
  "threshold_source": "train_data",
  "precision": 0.8152173913043478,
  "recall": 0.9554140127388535,
  "f1_score": 0.8797653958944281,
  "positive_count": 157,
  "negative_count": 38,
  "total_count": 195
}