{
  "auc_roc": 0.6992025518341308,
  "auc_pr": 0.9416984602420463,
  "optimal_threshold": 0.27344730496406555,
  "threshold_source": "train_data",
  "precision": 0.8967391304347826,
  "recall": 1.0,
  "f1_score": 0.9455587392550143,
  "positive_count": 165,
  "negative_count": 19,
  "total_count": 184
}