{
  "auc_roc": 0.633693808312129,
  "auc_pr": 0.8597113591357998,
  "optimal_threshold": 0.09727933257818222,
  "threshold_source": "train_data",
  "precision": 0.7844311377245509,
  "recall": 1.0,
  "f1_score": 0.8791946308724832,
  "positive_count": 131,
  "negative_count": 36,
  "total_count": 167
}