{
  "threshold": 0.22158727049827576,
  "precision": 0.7434679334916865,
  "recall": 1.0,
  "f1": 0.8528610353734258,
  "metric": "f1"
}