{
  "auc_roc": 0.7493617021276595,
  "auc_pr": 0.7870724274933286,
  "optimal_threshold": 0.3137766718864441,
  "threshold_source": "train_data",
  "precision": 0.5119047619047619,
  "recall": 0.9148936170212766,
  "f1_score": 0.6564885496183206,
  "positive_count": 47,
  "negative_count": 50,
  "total_count": 97
}