{
  "AUC_ROC": 0.9424671240708976,
  "AUC_PR": 0.9262810747348169,
  "Precision": 0.8457142857142858,
  "Recall": 0.9308176100628931,
  "F1": 0.8862275449101796,
  "threshold": 0.515,
  "train_size": 1027,
  "eval_size": 335
}