{
  "auc_roc": 0.9285714285714286,
  "auc_pr": 0.9631562881562881,
  "f1_score": 0.896551724137931,
  "precision": 0.8666666666666667,
  "recall": 0.9285714285714286,
  "accuracy": 0.8636363636363636,
  "tp": 13,
  "tn": 6,
  "fp": 2,
  "fn": 1,
  "predict_time": 0.012215137481689453,
  "eval_samples": 22,
  "positive_count": 14,
  "negative_count": 8,
  "total_count": 22,
  "threshold": 0.511903174097233,
  "train_time": 0.08141589164733887,
  "train_samples": 22,
  "threshold_source": "train_f1_max",
  "train_optimal_threshold": 0.511903174097233,
  "train_optimal_f1": 0.8965517241374316,
  "train_optimal_precision": 0.8666666666666667,
  "train_optimal_recall": 0.9285714285714286
}