{
  "threshold": 0.13964293897151947,
  "precision": 0.8571428571428571,
  "recall": 1.0,
  "f1": 0.9230769230272189,
  "metric": "f1"
}