{
  "threshold": 0.24113646149635315,
  "precision": 0.7995495495495496,
  "recall": 0.9943977591036415,
  "f1": 0.8863920099381054,
  "metric": "f1"
}