feature,importance
最近の受諾率,0.1585687728085987
協力スコア,0.116701902471443
平均活動間隔,0.09283631825162655
レビュー負荷,0.08709621846768081
レビュー規模（行数）,0.08495452806775099
経験日数,0.07604983612365876
応答速度,0.07451619475042927
強度（ファイル数）,0.07314290001001798
活動トレンド,0.0727952259480554
最近の活動頻度,0.06733022554569586
コード品質スコア,0.05821082045860417
総レビュー数,0.023091699545972098
総コミット数,0.014705357550466511
協力度,0.0
