{
  "threshold": 0.0652780830860138,
  "precision": 0.8732394366197183,
  "recall": 1.0,
  "f1": 0.932330827017898,
  "metric": "f1"
}