{
  "f1": 0.46153846153846156,
  "auc_roc": 0.8602836879432625,
  "auc_pr": 0.7388220134731763,
  "precision": 0.3,
  "recall": 1.0,
  "accuracy": 0.43548387096774194,
  "tp": 15,
  "tn": 12,
  "fp": 35,
  "fn": 0,
  "train_time": 0.08250999450683594,
  "predict_time": 0.027241945266723633,
  "train_samples": 53,
  "eval_samples": 62,
  "train_window": "0-3m",
  "eval_window": "6-9m",
  "pattern": "0-3m \u2192 6-9m"
}