{
  "AUC_ROC": 0.9569214826171515,
  "AUC_PR": 0.9734236738679296,
  "Precision": 0.8980802792321116,
  "Recall": 0.9862016098121886,
  "F1": 0.9400803799780781,
  "threshold": 0.375,
  "train_size": 7449,
  "eval_size": 3959
}