{
  "auc_roc": 0.5501722652885443,
  "auc_pr": 0.8103608962109514,
  "optimal_threshold": 0.3684871196746826,
  "threshold_source": "train_data",
  "precision": 0.7818181818181819,
  "recall": 1.0,
  "f1_score": 0.8775510204081632,
  "positive_count": 129,
  "negative_count": 36,
  "total_count": 165
}