{
  "threshold": 0.3465449810028076,
  "precision": 0.5507246376811594,
  "recall": 0.8507462686567164,
  "f1": 0.6686217008320569,
  "metric": "f1"
}