{
  "threshold": 0.37104514241218567,
  "precision": 0.7310344827586207,
  "recall": 0.7910447761194029,
  "f1": 0.7598566307744504,
  "metric": "f1"
}