{
  "auc_roc": 0.609006734006734,
  "auc_pr": 0.8402362027438075,
  "optimal_threshold": 0.2592562437057495,
  "threshold_source": "train_data",
  "precision": 0.7857142857142857,
  "recall": 1.0,
  "f1_score": 0.88,
  "positive_count": 132,
  "negative_count": 36,
  "total_count": 168
}