{
  "AUC_ROC": 0.9577135196796781,
  "AUC_PR": 0.9727536398301528,
  "Precision": 0.907828491130904,
  "Recall": 0.9880901616520964,
  "F1": 0.9462384081296875
}