{
  "auc_roc": 0.6186868686868686,
  "auc_pr": 0.8366518967583312,
  "optimal_threshold": 0.1987507939338684,
  "threshold_source": "train_data",
  "precision": 0.7857142857142857,
  "recall": 1.0,
  "f1_score": 0.88,
  "positive_count": 132,
  "negative_count": 36,
  "total_count": 168
}