{
  "auc_roc": 0.6871381306865177,
  "auc_pr": 0.9123342779512624,
  "optimal_threshold": 0.30273303389549255,
  "threshold_source": "train_data",
  "precision": 0.8295964125560538,
  "recall": 0.9946236559139785,
  "f1_score": 0.9046454767726161,
  "positive_count": 186,
  "negative_count": 39,
  "total_count": 225
}