{
  "auc_roc": 0.6677777777777778,
  "auc_pr": 0.7163924061118959,
  "optimal_threshold": 0.30387622117996216,
  "threshold_source": "train_data",
  "precision": 0.5157894736842106,
  "recall": 0.98,
  "f1_score": 0.6758620689655173,
  "positive_count": 50,
  "negative_count": 54,
  "total_count": 104
}