{
  "auc_roc": 0.6685623293903549,
  "auc_pr": 0.912889017310494,
  "optimal_threshold": 0.007828834466636181,
  "threshold_source": "train_data",
  "precision": 0.861878453038674,
  "recall": 0.9936305732484076,
  "f1_score": 0.9230769230769231,
  "positive_count": 157,
  "negative_count": 28,
  "total_count": 185
}