{
  "auc_roc": 0.6733992624874287,
  "auc_pr": 0.9005257601507133,
  "optimal_threshold": 0.23393894731998444,
  "threshold_source": "train_data",
  "precision": 0.8118279569892473,
  "recall": 0.9617834394904459,
  "f1_score": 0.880466472303207,
  "positive_count": 157,
  "negative_count": 38,
  "total_count": 195
}