{
  "AUC_ROC": 0.9598390622615499,
  "AUC_PR": 0.9788471946981862,
  "Precision": 0.9165557035064359,
  "Recall": 0.9875657580105213,
  "F1": 0.9507366482504604,
  "threshold": 0.375,
  "train_size": 7449,
  "eval_size": 6056
}