{
  "f1": 0.45714285714285713,
  "auc_roc": 0.8894230769230769,
  "auc_pr": 0.8226058851785596,
  "precision": 0.2962962962962963,
  "recall": 1.0,
  "accuracy": 0.3090909090909091,
  "tp": 16,
  "tn": 1,
  "fp": 38,
  "fn": 0,
  "train_time": 0.08272600173950195,
  "predict_time": 0.02660989761352539,
  "train_samples": 51,
  "eval_samples": 55,
  "train_window": "3-6m",
  "eval_window": "6-9m",
  "pattern": "3-6m \u2192 6-9m"
}