{
  "AUC_ROC": 0.9630866601752678,
  "AUC_PR": 0.9552449374182375,
  "Precision": 0.8488063660477454,
  "Recall": 0.9846153846153847,
  "F1": 0.9116809116809117,
  "threshold": 0.48,
  "train_size": 1216,
  "eval_size": 641
}