{
  "threshold": 0.18855515122413635,
  "precision": 0.8968481375358166,
  "recall": 1.0,
  "f1": 0.9456193352975799,
  "metric": "f1"
}