{
  "auc_roc": 0.6419117647058824,
  "auc_pr": 0.9353141300546914,
  "optimal_threshold": 0.20207588374614716,
  "threshold_source": "train_data",
  "precision": 0.903954802259887,
  "recall": 1.0,
  "f1_score": 0.9495548961424333,
  "positive_count": 160,
  "negative_count": 17,
  "total_count": 177
}