{
  "AUC_ROC": 0.9819279454722493,
  "AUC_PR": 0.9447909508476158,
  "Precision": 0.9464285714285714,
  "Recall": 0.9784615384615385,
  "F1": 0.962178517397882,
  "threshold": 0.5650000000000001,
  "train_size": 761,
  "eval_size": 641
}