{
  "threshold": 0.24943378567695618,
  "precision": 0.8258575197889182,
  "recall": 0.9750778816199377,
  "f1": 0.8942857142360576,
  "metric": "f1"
}