{
  "threshold": 0.17068099975585938,
  "precision": 0.805,
  "recall": 1.0,
  "f1": 0.8919667589533536,
  "metric": "f1"
}