{
  "auc_roc": 0.6849324510614834,
  "auc_pr": 0.9114525829784109,
  "optimal_threshold": 0.35949158668518066,
  "threshold_source": "train_data",
  "precision": 0.8266666666666667,
  "recall": 1.0,
  "f1_score": 0.9051094890510949,
  "positive_count": 186,
  "negative_count": 39,
  "total_count": 225
}