{
  "threshold": 0.15477092564105988,
  "precision": 0.9489795918367347,
  "recall": 1.0,
  "f1": 0.9738219894788301,
  "metric": "f1"
}