{
  "f1": 0.4804928131416838,
  "auc_roc": 0.6684400552192843,
  "auc_pr": 0.39692562425439587,
  "precision": 0.3268156424581006,
  "recall": 0.9069767441860465,
  "accuracy": 0.48785425101214575,
  "tp": 117,
  "tn": 124,
  "fp": 241,
  "fn": 12,
  "train_time": 0.08075118064880371,
  "predict_time": 0.027061939239501953,
  "train_samples": 481,
  "eval_samples": 494,
  "train_window": "0-3m",
  "eval_window": "9-12m",
  "pattern": "0-3m \u2192 9-12m"
}