{
  "f1": 0.6650366748166259,
  "auc_roc": 0.83739061407322,
  "auc_pr": 0.7460252600784247,
  "precision": 0.5396825396825397,
  "recall": 0.8662420382165605,
  "accuracy": 0.7226720647773279,
  "tp": 136,
  "tn": 221,
  "fp": 116,
  "fn": 21,
  "train_time": 0.10606503486633301,
  "predict_time": 0.025845050811767578,
  "train_samples": 565,
  "eval_samples": 494,
  "train_window": "0-3m",
  "eval_window": "3-6m",
  "pattern": "0-3m \u2192 3-6m"
}