{
  "auc_roc": 0.7052730696798493,
  "auc_pr": 0.6703911926734942,
  "optimal_threshold": 0.3465449810028076,
  "threshold_source": "train_data",
  "precision": 0.5212765957446809,
  "recall": 0.9074074074074074,
  "f1_score": 0.6621621621621622,
  "positive_count": 54,
  "negative_count": 59,
  "total_count": 113
}