{
  "f1": 0.654690618762475,
  "auc_roc": 0.8135909789135595,
  "auc_pr": 0.7515553056288617,
  "precision": 0.5206349206349207,
  "recall": 0.8817204301075269,
  "accuracy": 0.6497975708502024,
  "tp": 164,
  "tn": 157,
  "fp": 151,
  "fn": 22,
  "train_time": 0.11244606971740723,
  "predict_time": 0.02670598030090332,
  "train_samples": 580,
  "eval_samples": 494,
  "train_window": "0-3m",
  "eval_window": "0-3m",
  "pattern": "0-3m \u2192 0-3m"
}