{
  "auc_roc": 0.6947368421052632,
  "auc_pr": 0.9384200547168033,
  "optimal_threshold": 0.22568605840206146,
  "threshold_source": "train_data",
  "precision": 0.8961748633879781,
  "recall": 0.9939393939393939,
  "f1_score": 0.9425287356321839,
  "positive_count": 165,
  "negative_count": 19,
  "total_count": 184
}