{
  "threshold": 0.22255894541740417,
  "precision": 0.8190255220417634,
  "recall": 1.0,
  "f1": 0.9005102040321276,
  "metric": "f1"
}