{
  "auc_roc": 0.6709401709401709,
  "auc_pr": 0.5580322766049126,
  "f1_score": 0.4583333333333333,
  "precision": 0.4074074074074074,
  "recall": 0.5238095238095238,
  "accuracy": 0.5666666666666667,
  "tp": 11,
  "tn": 23,
  "fp": 16,
  "fn": 10,
  "predict_time": 0.01230621337890625,
  "eval_samples": 60,
  "positive_count": 21,
  "negative_count": 39,
  "total_count": 60,
  "threshold": 0.5106624654024425
}