{
  "auc_roc": 0.5735785953177257,
  "auc_pr": 0.9381632903655416,
  "optimal_threshold": 0.050763703882694244,
  "threshold_source": "train_data",
  "precision": 0.9139072847682119,
  "recall": 1.0,
  "f1_score": 0.9550173010380623,
  "positive_count": 138,
  "negative_count": 13,
  "total_count": 151
}