{
  "auc_roc": 0.6471306471306472,
  "auc_pr": 0.46421726923771106,
  "optimal_threshold": 0.35332921147346497,
  "threshold_source": "train_data",
  "precision": 0.43902439024390244,
  "recall": 0.8571428571428571,
  "f1_score": 0.5806451612903226,
  "positive_count": 21,
  "negative_count": 39,
  "total_count": 60,
  "eval_optimal_threshold": 0.3420632779598236,
  "eval_optimal_f1": 0.6268656715987525,
  "prediction_stats": {
    "min": 0.3209039270877838,
    "max": 0.5275587439537048,
    "mean": 0.37852021505435307,
    "std": 0.04318980577811622,
    "median": 0.376221165060997
  }
}