{
  "threshold": 0.2520774006843567,
  "precision": 0.5161290322580645,
  "recall": 0.896,
  "f1": 0.6549707601875363,
  "metric": "f1"
}