{
  "AUC_ROC": 0.9484052243183994,
  "AUC_PR": 0.9148678922691236,
  "Precision": 0.8381742738589212,
  "Recall": 0.8669527896995708,
  "F1": 0.8523206751054853,
  "threshold": 0.515,
  "train_size": 1027,
  "eval_size": 511
}