{
  "threshold": 0.199114128947258,
  "precision": 0.9375,
  "recall": 1.0,
  "f1": 0.967741935433923,
  "metric": "f1"
}