{
  "threshold": 0.03605993464589119,
  "precision": 0.9057971014492754,
  "recall": 1.0,
  "f1": 0.9505703421554453,
  "metric": "f1"
}