{
  "f1": 0.6,
  "auc_roc": 0.8823863636363636,
  "auc_pr": 0.7662537895248263,
  "precision": 0.4411764705882353,
  "recall": 0.9375,
  "accuracy": 0.7183098591549296,
  "tp": 15,
  "tn": 36,
  "fp": 19,
  "fn": 1,
  "train_time": 0.08194804191589355,
  "predict_time": 0.026173830032348633,
  "train_samples": 54,
  "eval_samples": 71,
  "train_window": "6-9m",
  "eval_window": "6-9m",
  "pattern": "6-9m \u2192 6-9m"
}