{
  "auc_roc": 0.7209039548022599,
  "auc_pr": 0.9105537276224727,
  "optimal_threshold": 0.3219934403896332,
  "threshold_source": "train_data",
  "precision": 0.7972972972972973,
  "recall": 1.0,
  "f1_score": 0.8872180451127819,
  "positive_count": 59,
  "negative_count": 15,
  "total_count": 74
}