{
  "threshold": 0.47138652205467224,
  "precision": 0.970873786407767,
  "recall": 1.0,
  "f1": 0.9852216748268582
}