{
  "auc_roc": 0.6054292929292928,
  "auc_pr": 0.838831204118689,
  "optimal_threshold": 0.22255894541740417,
  "threshold_source": "train_data",
  "precision": 0.7857142857142857,
  "recall": 1.0,
  "f1_score": 0.88,
  "positive_count": 132,
  "negative_count": 36,
  "total_count": 168
}