{
  "threshold": 0.1445634365081787,
  "precision": 0.8877551020408163,
  "recall": 1.0,
  "f1": 0.9405405404907173,
  "metric": "f1"
}