{
  "threshold": 0.4466530978679657,
  "precision": 0.9223300970873787,
  "recall": 1.0,
  "f1": 0.9595959595460413
}