{
  "f1": 0.7960526315789473,
  "auc_roc": 0.9087453228246158,
  "auc_pr": 0.9222451212991603,
  "precision": 0.8287671232876712,
  "recall": 0.7658227848101266,
  "accuracy": 0.804416403785489,
  "tp": 121,
  "tn": 134,
  "fp": 25,
  "fn": 37,
  "train_time": 0.1041100025177002,
  "predict_time": 0.027842044830322266,
  "train_samples": 317,
  "eval_samples": 317,
  "pattern": "0-3m \u2192 0-3m"
}