{
  "threshold": 0.012634950689971447,
  "precision": 0.8695652173913043,
  "recall": 1.0,
  "f1": 0.9302325580897783,
  "metric": "f1"
}