{
  "f1": 0.37333333333333335,
  "auc_roc": 0.5714285714285714,
  "auc_pr": 0.3500942516059725,
  "precision": 0.22950819672131148,
  "recall": 1.0,
  "accuracy": 0.24193548387096775,
  "tp": 14,
  "tn": 1,
  "fp": 47,
  "fn": 0,
  "train_time": 0.0832209587097168,
  "predict_time": 0.026149988174438477,
  "train_samples": 44,
  "eval_samples": 62,
  "train_window": "0-3m",
  "eval_window": "9-12m",
  "pattern": "0-3m \u2192 9-12m"
}