{
  "threshold": 0.02207828313112259,
  "precision": 0.8888888888888888,
  "recall": 1.0,
  "f1": 0.9411764705384082,
  "metric": "f1"
}