Platform,N_Projects,Avg_Reviews_Per_Project,Std_Reviews_Per_Project,Min_Reviews,Max_Reviews,Avg_Positive_Rate,Std_Positive_Rate
OpenStack,48,2479.375,4636.598435046143,1,21435,0.5526330207527477,0.14962806414761246
Qt,39,80.02564102564102,217.0631107813538,1,1255,0.4570642602695621,0.2404348936646135
Android,26,275.1923076923077,903.5158889241859,2,4647,0.6278659258649338,0.22369025827713004
Chromium,10,23.6,37.52391829812613,1,122,0.6083975330359129,0.2779743419543747
