{
  "auc_roc": 0.6779891304347826,
  "auc_pr": 0.5539523844211345,
  "f1_score": 0.6666666666666666,
  "precision": 0.5652173913043478,
  "recall": 0.8125,
  "accuracy": 0.6666666666666666,
  "tp": 13,
  "tn": 13,
  "fp": 10,
  "fn": 3,
  "predict_time": 0.012126922607421875,
  "eval_samples": 39,
  "positive_count": 16,
  "negative_count": 23,
  "total_count": 39,
  "threshold": 0.511903174097233
}