{
  "threshold": 0.21812064945697784,
  "precision": 0.7510638297872341,
  "recall": 1.0,
  "f1": 0.857837180995968,
  "metric": "f1"
}