{
  "auc_roc": 0.9928571428571429,
  "auc_pr": 0.9952380952380953,
  "f1_score": 0.9285714285714286,
  "precision": 0.9285714285714286,
  "recall": 0.9285714285714286,
  "accuracy": 0.9166666666666666,
  "tp": 13,
  "tn": 9,
  "fp": 1,
  "fn": 1,
  "predict_time": 0.012094974517822266,
  "eval_samples": 24,
  "positive_count": 14,
  "negative_count": 10,
  "total_count": 24,
  "threshold": 0.5106624654024425,
  "train_time": 0.08590483665466309,
  "train_samples": 24,
  "threshold_source": "train_f1_max",
  "train_optimal_threshold": 0.5106624654024425,
  "train_optimal_f1": 0.9655172413788109,
  "train_optimal_precision": 0.9333333333333333,
  "train_optimal_recall": 1.0
}