{
  "threshold": 0.229634091258049,
  "precision": 0.7482517482517482,
  "recall": 0.9968944099378882,
  "f1": 0.8548601863691241,
  "metric": "f1"
}