{
  "threshold": 0.42751190066337585,
  "precision": 0.8504672897196262,
  "recall": 0.8921568627450981,
  "f1": 0.8708133970792153,
  "positive_rate": 0.6845637583892618,
  "method": "f1_maximization_on_train_data",
  "train_prediction_stats": {
    "min": 0.3830011785030365,
    "max": 0.7765713334083557,
    "mean": 0.5169452540826478,
    "std": 0.10700311841791678,
    "median": 0.48440828919410706
  }
}