{
  "AUC_ROC": 0.9356542493241302,
  "AUC_PR": 0.948415246164175,
  "Precision": 0.8720682302771855,
  "Recall": 0.9068736141906873,
  "F1": 0.8891304347826087,
  "threshold": 0.425,
  "train_size": 1040,
  "eval_size": 752
}