{
  "auc_roc": 0.9204244031830239,
  "auc_pr": 0.8560041004879062,
  "f1_score": 0.7142857142857143,
  "precision": 0.6666666666666666,
  "recall": 0.7692307692307693,
  "accuracy": 0.8095238095238095,
  "tp": 10,
  "tn": 24,
  "fp": 5,
  "fn": 3,
  "predict_time": 0.012187004089355469,
  "eval_samples": 42,
  "positive_count": 13,
  "negative_count": 29,
  "total_count": 42,
  "threshold": 0.5132937423946199
}