{
  "f1": 0.6,
  "auc_roc": 0.8390070921985816,
  "auc_pr": 0.6940951279868488,
  "precision": 0.48,
  "recall": 0.8,
  "accuracy": 0.7419354838709677,
  "tp": 12,
  "tn": 34,
  "fp": 13,
  "fn": 3,
  "train_time": 0.08397316932678223,
  "predict_time": 0.02614569664001465,
  "train_samples": 83,
  "eval_samples": 62,
  "train_window": "0-3m",
  "eval_window": "6-9m",
  "pattern": "0-3m \u2192 6-9m (rolling, IRL-aligned v2)"
}