{
  "threshold": 0.315674364566803,
  "precision": 0.7915742793791575,
  "recall": 1.0,
  "f1": 0.8836633662873105,
  "metric": "f1"
}