{
  "threshold": 0.2566920220851898,
  "precision": 0.9005102040816326,
  "recall": 1.0,
  "f1": 0.9476510066615464,
  "metric": "f1"
}