{
  "auc_roc": 0.8249336870026525,
  "auc_pr": 0.7063018081034274,
  "optimal_threshold": 0.3148147463798523,
  "threshold_source": "train_data",
  "precision": 0.41935483870967744,
  "recall": 1.0,
  "f1_score": 0.5909090909090909,
  "positive_count": 13,
  "negative_count": 29,
  "total_count": 42,
  "eval_optimal_threshold": 0.3461863100528717,
  "eval_optimal_f1": 0.649999999956125,
  "prediction_stats": {
    "min": 0.28634193539619446,
    "max": 0.5086165070533752,
    "mean": 0.3562514242671785,
    "std": 0.04826366331413476,
    "median": 0.357225701212883
  }
}