{
  "auc_roc": 0.6734006734006733,
  "auc_pr": 0.9316215384145436,
  "optimal_threshold": 0.24943378567695618,
  "threshold_source": "train_data",
  "precision": 0.9,
  "recall": 0.9818181818181818,
  "f1_score": 0.9391304347826087,
  "positive_count": 165,
  "negative_count": 18,
  "total_count": 183
}