{
  "AUC_ROC": 0.9459713441556733,
  "AUC_PR": 0.957993177209927,
  "Precision": 0.9109350237717908,
  "Recall": 0.9798840777361064,
  "F1": 0.9441524310118266,
  "threshold": 0.29,
  "train_size": 9550,
  "eval_size": 4656
}