{
  "threshold": 0.3821198344230652,
  "precision": 0.6309523809523809,
  "recall": 0.828125,
  "f1": 0.7162162161671293,
  "metric": "f1"
}