{
  "AUC_ROC": 0.9085296981499512,
  "AUC_PR": 0.8673168289086718,
  "Precision": 0.8112676056338028,
  "Recall": 0.8861538461538462,
  "F1": 0.8470588235294118,
  "threshold": 0.425,
  "train_size": 1040,
  "eval_size": 641
}