{
  "auc_roc": 0.6197390572390572,
  "auc_pr": 0.8463120970630242,
  "optimal_threshold": 0.19992601871490479,
  "threshold_source": "train_data",
  "precision": 0.7857142857142857,
  "recall": 1.0,
  "f1_score": 0.88,
  "positive_count": 132,
  "negative_count": 36,
  "total_count": 168
}