{
  "threshold": 0.03573424741625786,
  "precision": 0.851063829787234,
  "recall": 1.0,
  "f1": 0.9195402298353812,
  "metric": "f1"
}