{
  "auc_roc": 0.7007974481658692,
  "auc_pr": 0.9422104814383927,
  "optimal_threshold": 0.20393116772174835,
  "threshold_source": "train_data",
  "precision": 0.8967391304347826,
  "recall": 1.0,
  "f1_score": 0.9455587392550143,
  "positive_count": 165,
  "negative_count": 19,
  "total_count": 184
}