{
  "AUC_ROC": 0.9689388583677583,
  "AUC_PR": 0.9810735195770697,
  "Precision": 0.8972222222222223,
  "Recall": 0.9904177845917976,
  "F1": 0.9415194024412461,
  "threshold": 0.35000000000000003,
  "train_size": 6449,
  "eval_size": 3959
}