{
  "AUC_ROC": 0.9489717212308098,
  "AUC_PR": 0.9303990072879795,
  "Precision": 0.8676678607491974,
  "Recall": 0.9258193261482558,
  "F1": 0.8951375959874803
}