pattern,experience_days,total_reviews,activity_freq,acceptance_rate,avg_interval,accepted_count,rejected_count,experienced_flag,high_acceptance_flag,high_frequency_flag,intensity_flag,collaboration_score,response_speed_flag,scale_flag
0-3m,0.130751971949379,0.16011407288863527,0.11612924480881973,0.06759871572841025,0.09751408109826079,0.08670331871594263,0.12014121134444564,0.031300020773323306,0.0,0.013622476930348001,0.007222629530158016,0.09769984667553627,0.01149079246049192,0.0597116170962493
3-6m,0.1334450214846609,0.09093082021921305,0.14621639609283513,0.07400939406940651,0.11935408742005137,0.16172751291686982,0.10128583084617795,0.016986566965935306,0.0,0.012865982177459817,0.004797884114702593,0.11189561026880993,0.011227882095882158,0.015257011327995314
6-9m,0.1653576492750904,0.12280995525112921,0.1613721454922152,0.0659866951409966,0.08676607860950168,0.16340321117882917,0.10271193108308913,0.015328978333301659,0.006543409803777391,0.009591583333209691,0.0028367638702029322,0.05844362617610686,0.005829778936008897,0.033018193516541144
9-12m,0.14629126781558047,0.1071104427683724,0.14193896959699803,0.07355345813339628,0.052745889180580825,0.18455516433583097,0.13015538416236158,0.01230508175360407,0.005777482859499824,0.006395140078167541,0.000360673750785874,0.09430662607585909,0.0024856639463850406,0.04201875554257794
