{
  "f1": 0.7584650112866818,
  "auc_roc": 0.7859195402298851,
  "auc_pr": 0.8621456240046967,
  "precision": 0.8615384615384616,
  "recall": 0.6774193548387096,
  "accuracy": 0.7464454976303317,
  "tp": 168,
  "tn": 147,
  "fp": 27,
  "fn": 80,
  "train_time": 0.0922691822052002,
  "predict_time": 0.027915000915527344,
  "train_samples": 317,
  "eval_samples": 422,
  "pattern": "0-3m \u2192 3-6m"
}