{
  "auc_roc": 0.7586206896551724,
  "auc_pr": 0.5666009346778578,
  "f1_score": 0.5294117647058824,
  "precision": 0.42857142857142855,
  "recall": 0.6923076923076923,
  "accuracy": 0.6190476190476191,
  "tp": 9,
  "tn": 17,
  "fp": 12,
  "fn": 4,
  "predict_time": 0.012356996536254883,
  "eval_samples": 42,
  "positive_count": 13,
  "negative_count": 29,
  "total_count": 42,
  "threshold": 0.5106624654024425
}