{
  "AUC_ROC": 0.9197208756599871,
  "AUC_PR": 0.8914997431003415,
  "Precision": 0.7976190476190477,
  "Recall": 0.8626609442060086,
  "F1": 0.8288659793814434,
  "threshold": 0.425,
  "train_size": 1040,
  "eval_size": 511
}