{
  "auc_roc": 0.6610644257703081,
  "auc_pr": 0.846303216571686,
  "optimal_threshold": 0.18149591982364655,
  "threshold_source": "train_data",
  "precision": 0.7875,
  "recall": 1.0,
  "f1_score": 0.8811188811188811,
  "positive_count": 126,
  "negative_count": 34,
  "total_count": 160
}