{
  "AUC_ROC": 0.8949757004002287,
  "AUC_PR": 0.8570410813605496,
  "Precision": 0.8170731707317073,
  "Recall": 0.8427672955974843,
  "F1": 0.8297213622291022,
  "threshold": 0.425,
  "train_size": 1040,
  "eval_size": 335
}