{
  "f1": 0.5480943738656987,
  "auc_roc": 0.8306699101796406,
  "auc_pr": 0.7054080860011518,
  "precision": 0.38618925831202044,
  "recall": 0.94375,
  "accuracy": 0.4959514170040486,
  "tp": 151,
  "tn": 94,
  "fp": 240,
  "fn": 9,
  "train_time": 0.0844118595123291,
  "predict_time": 0.02330803871154785,
  "train_samples": 497,
  "eval_samples": 494,
  "train_window": "0-3m",
  "eval_window": "6-9m",
  "pattern": "0-3m \u2192 6-9m"
}