{
  "threshold": 0.13317245244979858,
  "precision": 0.9132653061224489,
  "recall": 1.0,
  "f1": 0.9546666666167694,
  "metric": "f1"
}