segment,experience_days,total_changes,total_reviews,recent_activity_frequency,avg_activity_gap,collaboration_score,code_quality_score,recent_acceptance_rate,review_load,project_count,project_activity_distribution,main_project_contribution_ratio,cross_project_collaboration_score
Unpredictable,-0.7098559507110868,,-0.38537590894297247,-0.4086892569061238,0.6877609626990309,,0.9977753031397177,-0.38436111028199016,0.21551706163947357,-0.3978609402945165,-0.5245210267871535,0.39185854644587886,-0.4752755053604961
Low,,,,,,,,,,,,,
Medium,,,,,,,,,,,,,
High,0.20806122693255993,,0.11295500779362987,0.1197882304724848,-0.20158510975661262,,0.9977753031397177,0.11265756680679018,-0.06316879392881126,0.11661441353459964,0.15373892164451047,-0.11485509119965383,0.1393048895022145
Perfect,,,,,,,,,,,,,
