{
  "AUC_ROC": 0.9693770674153281,
  "AUC_PR": 0.9796281874833088,
  "Precision": 0.9069347770043825,
  "Recall": 0.9929438329099634,
  "F1": 0.947992454863918,
  "threshold": 0.35000000000000003,
  "train_size": 6449,
  "eval_size": 5577
}