{
  "auc_roc": 0.7085139929050059,
  "auc_pr": 0.6777941670428962,
  "optimal_threshold": 0.3251301646232605,
  "threshold_source": "train_data",
  "precision": 0.4588235294117647,
  "recall": 0.9069767441860465,
  "f1_score": 0.609375,
  "positive_count": 43,
  "negative_count": 59,
  "total_count": 102
}