{
  "threshold": 0.28804102540016174,
  "precision": 0.811704834605598,
  "recall": 0.9906832298136646,
  "f1": 0.8923076922581854,
  "metric": "f1"
}