{
  "f1": 0.6203208556149733,
  "auc_roc": 0.8579384511978492,
  "auc_pr": 0.7426921360744972,
  "precision": 0.4773662551440329,
  "recall": 0.8854961832061069,
  "accuracy": 0.6837416481069042,
  "tp": 116,
  "tn": 191,
  "fp": 127,
  "fn": 15,
  "train_time": 0.0950779914855957,
  "predict_time": 0.026253938674926758,
  "train_samples": 491,
  "eval_samples": 449,
  "train_window": "9-12m",
  "eval_window": "9-12m",
  "pattern": "9-12m \u2192 9-12m"
}