Platform,Total_Reviews,Projects,Developers,Positive_Rate,Avg_Reviews_Per_Project
Qt,2952,38,235,0.44275067750677505,77.6842105263158
Android,66389,24,2125,0.6358131618189761,2766.2083333333335
Chromium,38629,12,1320,0.7898728934220405,3219.0833333333335
