Platform,Same_Period_Mean,Same_Period_Std,Different_Period_Mean,Different_Period_Std,Degradation_Rate
Qt,0.7896908816080563,0.05450472690961264,0.8337789817735869,0.04755078863180052,-5.582956722984247
Android,0.9308625562832875,0.011187445075569858,0.9317153895274858,0.01156191662673447,-0.09161752596467411
Chromium,0.9486320237056349,0.012495723898847313,0.9487760001576951,0.025038190342650993,-0.015177270897707887
