{
  "threshold": 0.30387622117996216,
  "precision": 0.6075268817204301,
  "recall": 0.875968992248062,
  "f1": 0.7174603174119547,
  "metric": "f1"
}