{
  "auc_roc": 0.7500000000000001,
  "auc_pr": 0.7417951795007716,
  "f1_score": 0.5714285714285714,
  "precision": 0.42424242424242425,
  "recall": 0.875,
  "accuracy": 0.46153846153846156,
  "tp": 14,
  "tn": 4,
  "fp": 19,
  "fn": 2,
  "predict_time": 0.012251138687133789,
  "eval_samples": 39,
  "positive_count": 16,
  "negative_count": 23,
  "total_count": 39,
  "threshold": 0.35250920820859144
}