{
  "threshold": 0.148077592253685,
  "precision": 0.7464114832535885,
  "recall": 0.9968051118210862,
  "f1": 0.8536251709496635,
  "metric": "f1"
}