{
  "threshold": 0.3336451053619385,
  "precision": 0.9626168224299065,
  "recall": 1.0,
  "f1": 0.9809523809023991
}