{
  "auc_roc": 0.7447811447811448,
  "auc_pr": 0.9485828395940903,
  "optimal_threshold": 0.26815932989120483,
  "threshold_source": "train_data",
  "precision": 0.9016393442622951,
  "recall": 1.0,
  "f1_score": 0.9482758620689655,
  "positive_count": 165,
  "negative_count": 18,
  "total_count": 183
}