{
  "f1": 0.5836431226765799,
  "auc_roc": 0.8426315269963479,
  "auc_pr": 0.7510409540439642,
  "precision": 0.42091152815013405,
  "recall": 0.9515151515151515,
  "accuracy": 0.5254237288135594,
  "tp": 157,
  "tn": 91,
  "fp": 216,
  "fn": 8,
  "train_time": 0.10804319381713867,
  "predict_time": 0.02553391456604004,
  "train_samples": 525,
  "eval_samples": 472,
  "train_window": "6-9m",
  "eval_window": "6-9m",
  "pattern": "6-9m \u2192 6-9m"
}