{
  "f1": 0.6486486486486487,
  "auc_roc": 0.8915032679738563,
  "auc_pr": 0.8127175691032791,
  "precision": 0.6,
  "recall": 0.7058823529411765,
  "accuracy": 0.7903225806451613,
  "tp": 12,
  "tn": 37,
  "fp": 8,
  "fn": 5,
  "train_time": 0.08228015899658203,
  "predict_time": 0.02724480628967285,
  "train_samples": 67,
  "eval_samples": 62,
  "train_window": "0-3m",
  "eval_window": "3-6m",
  "pattern": "0-3m \u2192 3-6m"
}