{
  "f1": 0.6103542234332425,
  "auc_roc": 0.8272547940177998,
  "auc_pr": 0.5740203541087618,
  "precision": 0.46473029045643155,
  "recall": 0.8888888888888888,
  "accuracy": 0.6970338983050848,
  "tp": 112,
  "tn": 217,
  "fp": 129,
  "fn": 14,
  "train_time": 0.10552692413330078,
  "predict_time": 0.025201082229614258,
  "train_samples": 482,
  "eval_samples": 472,
  "train_window": "6-9m",
  "eval_window": "9-12m",
  "pattern": "6-9m \u2192 9-12m"
}