{
  "threshold": 0.04383980855345726,
  "precision": 0.925531914893617,
  "recall": 1.0,
  "f1": 0.9613259668009034,
  "metric": "f1"
}