{
  "threshold": 0.12352154403924942,
  "precision": 0.9811320754716981,
  "recall": 1.0,
  "f1": 0.9904761904261951,
  "metric": "f1"
}