{
  "auc_roc": 0.9428571428571428,
  "auc_pr": 0.9509835402692544,
  "f1_score": 0.8888888888888888,
  "precision": 0.9230769230769231,
  "recall": 0.8571428571428571,
  "accuracy": 0.896551724137931,
  "tp": 12,
  "tn": 14,
  "fp": 1,
  "fn": 2,
  "predict_time": 0.01223897933959961,
  "eval_samples": 29,
  "positive_count": 14,
  "negative_count": 15,
  "total_count": 29,
  "threshold": 0.5132937423946199,
  "train_time": 0.08968710899353027,
  "train_samples": 29,
  "threshold_source": "train_f1_max",
  "train_optimal_threshold": 0.5132937423946199,
  "train_optimal_f1": 0.9285714285709286,
  "train_optimal_precision": 0.9285714285714286,
  "train_optimal_recall": 0.9285714285714286
}