{
  "AUC_ROC": 0.9623185413313773,
  "AUC_PR": 0.9748327256100238,
  "Precision": 0.9124675324675324,
  "Recall": 0.9915325994919559,
  "F1": 0.9503584471797646,
  "threshold": 0.365,
  "train_size": 7208,
  "eval_size": 5577
}