{
  "AUC_ROC": 0.9689892954865263,
  "AUC_PR": 0.9832767814165376,
  "Precision": 0.9119068541300527,
  "Recall": 0.9925872788139646,
  "F1": 0.950538126860545,
  "threshold": 0.35000000000000003,
  "train_size": 6449,
  "eval_size": 6056
}