{
  "AUC_ROC": 0.9570393855102909,
  "AUC_PR": 0.970628526146672,
  "Precision": 0.9064748201438849,
  "Recall": 0.9880668257756563,
  "F1": 0.9455138662316477,
  "threshold": 0.365,
  "train_size": 7208,
  "eval_size": 4656
}