{
  "threshold": 0.3684871196746826,
  "precision": 0.8836633663366337,
  "recall": 1.0,
  "f1": 0.9382391589515047,
  "metric": "f1"
}