{
  "auc_roc": 0.6651851851851851,
  "auc_pr": 0.7175907697417451,
  "optimal_threshold": 0.32597845792770386,
  "threshold_source": "train_data",
  "precision": 0.5,
  "recall": 0.86,
  "f1_score": 0.6323529411764706,
  "positive_count": 50,
  "negative_count": 54,
  "total_count": 104
}