{
  "auc_roc": 0.676751592356688,
  "auc_pr": 0.8991128047862833,
  "optimal_threshold": 0.3687375485897064,
  "threshold_source": "train_data",
  "precision": 0.8051282051282052,
  "recall": 1.0,
  "f1_score": 0.8920454545454546,
  "positive_count": 157,
  "negative_count": 38,
  "total_count": 195
}