{
  "auc_roc": 0.6921009098428454,
  "auc_pr": 0.9109055083373521,
  "optimal_threshold": 0.2777675986289978,
  "threshold_source": "train_data",
  "precision": 0.8280542986425339,
  "recall": 0.9838709677419355,
  "f1_score": 0.8992628992628993,
  "positive_count": 186,
  "negative_count": 39,
  "total_count": 225
}