{
  "AUC_ROC": 0.9506991468279318,
  "AUC_PR": 0.9684983383691066,
  "Precision": 0.8970792767732962,
  "Recall": 0.9888846301264852,
  "F1": 0.9407474931631723,
  "threshold": 0.365,
  "train_size": 7208,
  "eval_size": 3959
}