{
  "threshold": 0.1987507939338684,
  "precision": 0.8190255220417634,
  "recall": 1.0,
  "f1": 0.9005102040321276,
  "metric": "f1"
}