{
  "auc_roc": 0.6930320150659134,
  "auc_pr": 0.6836994632085932,
  "optimal_threshold": 0.37104514241218567,
  "threshold_source": "train_data",
  "precision": 0.5212765957446809,
  "recall": 0.9074074074074074,
  "f1_score": 0.6621621621621622,
  "positive_count": 54,
  "negative_count": 59,
  "total_count": 113
}