{
  "AUC_ROC": 0.965109457498379,
  "AUC_PR": 0.9438529371066148,
  "Precision": 0.828996282527881,
  "Recall": 0.9570815450643777,
  "F1": 0.8884462151394422,
  "threshold": 0.48,
  "train_size": 1216,
  "eval_size": 511
}