{
  "auc_roc": 0.6660539215686274,
  "auc_pr": 0.739671027975019,
  "optimal_threshold": 0.4014512598514557,
  "threshold_source": "train_data",
  "precision": 0.5609756097560976,
  "recall": 0.9019607843137255,
  "f1_score": 0.6917293233082706,
  "positive_count": 51,
  "negative_count": 48,
  "total_count": 99
}